episode,reward,length,avg_reward,final_distance
1,-378.2331492843188,1000,-378.2331492843188,1.7454624221426296
