{"train_loss": [0.06793109057994844, 0.00433878268006385, 0.002477742923498976, 0.002032157582119186, 0.0017488430767025618, 0.0015700813084873026, 0.0014118739260316757, 0.0012468898357480907, 0.0011338382926901842, 0.0010443388859021948, 0.0009709586390565435, 0.0009248659778422434, 0.0008658674206965596, 0.0008383046566929245, 0.0008392689970122755, 0.0008015512674293914, 0.0007524666743321413, 0.0007685763285965156, 0.0007199945049630438, 0.0006997178359859249, 0.0006993213223829739, 0.0006855382462297099, 0.0006760248281398384, 0.0006935745689570453, 0.0006441944281373219, 0.0006504597335079669, 0.0006420599487769509, 0.0006310059556884672, 0.0006112364584228789, 0.0006103564460636444, 0.0006198207718765325, 0.000598922874437948, 0.0005918016136059943, 0.0005960129680411677, 0.0005719555630422967, 0.0005783037247274592, 0.0005672508770644076, 0.000556620197538018, 0.0005730026977376381, 0.0005703210103077341, 0.0005673792374493151, 0.0005404137252962968, 0.0005307403320720535, 0.0005493608229898728, 0.0005511473236219482, 0.0005464313889358613, 0.0005361101348964105, 0.0005341579278824507, 0.0005382552229591577, 0.0005155480084967167], "val_loss": [0.00766867906708873, 0.0028824559430390365, 0.0025317985728474032, 0.0017885869278654065, 0.0014867555237668, 0.0012974712099918465, 0.0013993622235313975, 0.0010965140514013654, 0.0011161908031572256, 0.0009688018778210886, 0.001109508234036841, 0.0007578987940388965, 0.0010205121587429009, 0.0008075067906823717, 0.0008305773933133385, 0.000742074851086396, 0.0007455222292290006, 0.0006537669491308247, 0.000647364887371738, 0.0007295800717926384, 0.0006350344463246501, 0.0007366135170688513, 0.0005969381018691106, 0.0007410461488717795, 0.000600930270677945, 0.000641369982423026, 0.000610915658900715, 0.0006292053277004684, 0.0006804453142873874, 0.000620289634816772, 0.0005528144421823232, 0.0005415506932480623, 0.000546848231690231, 0.0007586903473059521, 0.0006437398134381429, 0.0006257615557131118, 0.0006175483293841954, 0.0005238363314169606, 0.0005401400112162993, 0.0004773026412593677, 0.0005345036318038799, 0.0005193873097362177, 0.0004920444123155671, 0.0005590735933198707, 0.0005196156752413656, 0.0005547906000810135, 0.0005179957484666378, 0.0004988776630091447, 0.00046873969309445035, 0.0004907802763489259]}